{
  "version": 1,
  "normalized_panel_region": {
    "left": 0.027139874739039668,
    "top": 0.06638418079096045,
    "right": 0.29123173277661796,
    "bottom": 0.6313559322033898
  },
  "saved_at": "2026-05-17 02:20:26"
}